{
	"measurements": {
		"windspeed": 
		[
			{
				"plantId": 2,
				"name": "Gausdal",
				"lat": 59.257107,
				"long": 7.212524,
				"value": 25,
				"unit": "m/s"
			},
			{
				"plantId": 1,
				"name": "Romsdal",
				"lat": 63.823408,
				"long": 10.299683,
				"value": 15,
				"unit": "m/s"
			},
			{
				"plantId": 3,
				"name": "Brumunddal",
				"lat": 61.219694,
				"long": 11.211548,
				"value": 1,
				"unit": "m/s"
			}
		],
		"capacity":
		[
			{
				"plantId": 2,
				"name": "Romsdal",
				"lat": 63.823408,
				"long": 10.299683,
				"value": 86,
				"unit": "%"
			},
			{
				"plantId": 1,
				"name": "Brumunddal",
				"lat": 61.219694,
				"long": 11.211548,
				"value": 35,
				"unit": "%"
			},
			{
				"plantId": 3,
				"name": "Gausdal",
				"lat": 59.257107,
				"long": 7.212524,
				"value": 32,
				"unit": "%"
			}
		],
		"availability": 
		[
			{
				"plantId": 2,
				"name": "Brumunddal",
				"lat": 61.219694,
				"long": 11.211548,
				"value": 67,
				"unit": "%"
			},
			{
				"plantId": 3,
				"name": "Gausdal",
				"lat": 59.257107,
				"long": 7.212524,
				"value": 54,
				"unit": "%"
			},
			{
				"plantId": 1,
				"name": "Romsdal",
				"lat": 63.823408,
				"long": 10.299683,
				"value": 14,
				"unit": "%"
			}
		]
	},
	"marketValue": 
	{
		"valueNo": 123,
		"valueSe": 134,
		"valueUkOffshore": 121,
		"valueUkOnshore": 102
	},
	"canSupply": 
	{
		"no": 6543,
		"se": 5432,
		"uk": 876
	},
	"totalPowerRightNow": 640,
	"maxPossibleProduction": 826,
	"totalProductionToday": 234,
	"totalProductionYesterday": 256,
	"totalProductionPreviousYear" : 123,
	"labels": 
	{
		"label_totalProductionToday"		: "TOTAL PRODUCTION TODAY",
		"label_totalProductionYesterday"	: "Yesterday",
		"label_totalProductionPreviousYear"	: "Previous year",
		"label_totalPowerRightNow"			: "TOTAL POWER RIGHT NOW",
		"label_maximumProduction"			: "Max possible production",
		"label_thisWillPower"				: "Current production can supply",
		"label_windspeed"					: "WIND SPEED<br/>TOP 3 RIGHT NOW",
		"label_active"						: "ACTIVE POWER<br/>TOP 3 RIGHT NOW",
		"label_availability"				: "AVAILABILITY<br/>TOP 3 RIGHT NOW",
		"label_units"						: "Households",
		"label_updated"						: "Updated",
		"label_updating"					: "Updating...",
		"label_currencyEur"					: "EUR",
		"label_norway"						: "Norway",
		"label_sweden"						: "Sweden",
		"label_ukOnshore"					: "UK Onshore",
		"label_ukOffshore"					: "UK Offshore",
		"label_no"							: "NO",
		"label_se"							: "SE",
		"label_uk"							: "UK",
		"label_marketValue"					: "1 MWh WINDPOWER IS WORTH",
		"label_mwh"							: "MWh"
	}
}